<!--

    Copyright (c) 2009 Sonatype, Inc. All rights reserved.

    This program is licensed to you under the Apache License Version 2.0,
    and you may not use this file except in compliance with the Apache License Version 2.0.
    You may obtain a copy of the Apache License Version 2.0 at http://www.apache.org/licenses/LICENSE-2.0.

    Unless required by applicable law or agreed to in writing,
    software distributed under the Apache License Version 2.0 is distributed on an
    "AS IS" BASIS, WITHOUT WARRANTIES OR CONDITIONS OF ANY KIND, either express or implied.
    See the Apache License Version 2.0 for the specific language governing permissions and limitations there under.

-->
<model xml.namespace="${version}"
	xml.schemaLocation="${version}"
	xsd.namespace="${version}"
    xsd.targetNamespace="${version}">

    <id>crowd</id>

    <name>NexusCrowdPluginConfiguration</name>

    <description>
        <![CDATA[
        <p>Nexus Crowd Plugin Configuration.</p>
        ]]>
    </description>

    <defaults>
        <default>
            <key>package</key>
            <value>org.sonatype.nexus.plugins.crowd.config.model</value>
        </default>
    </defaults>

    <classes>
        <class rootElement="true" xml.tagName="crowdConfiguration">
            <name>Configuration</name>
            <description>The root element of Nexus Crowd Plugin configuration.</description>
            <fields>
                <field>
                    <name>applicationName</name>
                    <description>The application name registered with Crowd.</description>
                    <type>String</type>
                    <required>true</required>
                </field>
                <field>
                    <name>applicationPassword</name>
                    <description>The application password registered with Crowd.</description>
                    <type>String</type>
                    <required>true</required>
                </field>
                <field>
                    <name>crowdServerUrl</name>
                    <description>The Crowd Server URL.</description>
                    <type>String</type>
                    <required>true</required>
                </field>
                <field>
                    <name>sessionValidationInterval</name>
                    <description>The Crowd session validation interval.</description>
                    <type>int</type>
                    <required>false</required>
                    <defaultValue>5</defaultValue>
                </field>
                <field>
                    <name>httpProxyHost</name>
                    <description>The name of the proxy server used to transport SOAP traffic to the Crowd server.</description>
                    <type>String</type>
                    <required>false</required>
                </field>
                <field>
                    <name>httpProxyPort</name>
                    <description>The connection port of the proxy server (must be specified if a proxy host is specified).</description>
                    <type>int</type>
                    <required>false</required>
                </field>
                <field>
                    <name>httpProxyUsername</name>
                    <description>The username used to authenticate with the proxy server (if the proxy server requires authentication).</description>
                    <type>String</type>
                    <required>false</required>
                </field>
                <field>
                    <name>httpProxyPassword</name>
                    <description>The password used to authenticate with the proxy server (if the proxy server requires authentication).</description>
                    <type>String</type>
                    <required>false</required>
                </field>
                <field>
                    <name>httpMaxConnections</name>
                    <description>The maximum number of HTTP connections in the connection pool for communication with the Crowd server.</description>
                    <type>int</type>
                    <required>false</required>
                    <defaultValue>20</defaultValue>
                </field>
                <field>
                    <name>httpTimeout</name>
                    <description>The HTTP connection timeout (milliseconds) used for communication with the Crowd server. A value of zero indicates that there is no connection timeout.</description>
                    <type>int</type>
                    <required>false</required>
                    <defaultValue>5000</defaultValue>
                </field>
            </fields>
        </class>
    </classes>
</model>
